Solution_ID,Solution_Name,Category,User_Problem_Addressed,Mechanism,Expected_Impact,Reach,Impact,Confidence,Effort,Risk_Score,Qualitative_Risk,Data_Requirements,Evidence_Supporting,Evidence_Missing,Solution_Score,Rank
SOL-01,Query Relaxation (Soft-Match Fallback),Retrieval / Query Fallback,Zero results on over-constrained multi-token queries,"If strict match returns < 3 results, automatically drop least-selective modifier or relax conjunction to (N-1) tokens with clear UI indicator","Directly eliminates 8.23% ZRR on 4+ token queries, recovering high-intent discovery drop-offs",4,4,4,2,2,Low-Medium: May return lower-relevance items if key noun is dropped instead of modifier,"Search logs, token frequency dictionary, stop-words/modifier token list",898 zero-result events on 4+ tokens (8.23% vs 1.78%); 44.4% reformulation rate indicates user persistence,Exact token drop heuristics and user tolerance for partial attribute matches,32.0,1
SOL-02,Interactive Query Refinement Chips,UI / Discovery Recovery,User frustration and friction during manual query reformulation,"Display individual query tokens as removable pill chips ([Black x] [Cotton x] [Jeans x]) above results, enabling 1-tap relaxation","Reduces reformulation friction, guides user to broad catalog coverage without guesswork",4,3,4,2,1,Very Low: Completely transparent; user retains full control over query changes,Client-side query token parser and URL state synchronization,44.39% reformulation rate on 4+ token searches proves users actively attempt manual keyword stripping,Percentage of users who notice and tap chips vs re-typing in search bar,24.0,2
SOL-03,Attribute-Aware Query Parsing (Facet Extraction),Query Processing & NLU,Semantic mismatch between raw text query and structured catalog fields,"Parse queries using dictionary/regex entity extraction into category, brand, color, gender, and size filters","Transforms fuzzy text matching into high-precision faceted filtering, eliminating multi-token retrieval noise",4,5,3,3,3,"Medium: Token misclassification (e.g. ""orange"" fruit color vs brand) filters out valid products","Product catalog attribute dictionary, entity mapping tables, synonym taxonomies",Query length exploratory analysis shows 4+ token queries combine category + color + style tokens,Distribution of attribute types across all search tokens in query logs,20.0,3
SOL-04,Attribute-Token Matching & Field Weighting,Retrieval & Ranking,"Sub-optimal keyword relevance scoring across title, description, and tags","Tune search engine BM25 field weights to heavily boost category/product_name matches over descriptions, with partial token scoring",Surfaces partial-match items higher in results rather than dropping them entirely,4,4,3,3,2,Low-Medium: Re-weighting could inadvertently regress 1-3 token head query rankings,"Search index schema config, query evaluation benchmark set",Lower CTR on 4+ token queries (62.97% vs 70.77%) indicates ranked results are less appealing,Full relevance grade judgments on current search result positions 1-10,16.0,4
SOL-05,Fallback Recommendations on Zero-Results,Discovery Recovery,Immediate session abandonment upon encountering empty zero-result state,Display trending / top-seller carousel in inferred category or popular marketplace items when query returns 0 hits,Provides an immediate escape hatch to keep users in the discovery funnel rather than bouncing,2,2,4,1,1,Very Low: Any visual catalog display is superior to an empty blank page,"Category top-seller ranking cache, client fallback widget",898 zero-result sessions suffer lower overall session conversion (13.01% vs 14.85% baseline),CTR on unrequested category recommendations vs abandonment,16.0,5
SOL-06,"Related-Query Suggestions (""People also searched"")",UI / Query Assistance,User does not know how to successfully rephrase an over-constrained query,Mine search session co-occurrence logs to suggest successful 2-3 token queries related to current search,Guides users toward known high-recall query formulations,3,3,3,3,2,Low: Suggestions may be irrelevant or outdated if query volume is low,"Session query transition logs, query-to-query graph mining pipeline",High reformulation rate (44.39%) demonstrates user willingness to try alternate queries,Coverage of query graph on long-tail specific queries,9.0,6
SOL-08,Semantic Vector Search (Neural Retrieval),Retrieval / Dense ML,Lack of conceptual understanding of multi-word queries,Embed queries and catalog products into shared vector space using fine-tuned transformer model with approximate nearest neighbor (ANN) retrieval,Captures complex semantic intent and stylistic descriptions beyond exact keyword tokens,4,5,2,5,4,"High: Search latency regression, unpredictable semantic hallucinations, high infrastructure & maintenance cost","Vector database, GPU serving cluster, fine-tuned embedding model, query-click training pairs",Strong literature on dense retrieval outperforming BM25 on long complex queries,"Infrastructure capacity, latency SLA compliance, click-log training volume",8.0,7
SOL-07,Synonym & Spelling Normalization,Query Processing,"Vocabulary mismatch (e.g. ""sneakers"" vs ""running shoes"") and spelling typos",Apply domain-specific fashion synonym expansion and Levenshtein edit-distance typo correction prior to search,Recovers misspellings and regional terminology differences,2,2,4,2,2,"Low-Medium: False synonym expansion (e.g. expanding ""tank top"" to ""crop top"") dilutes precision","Fashion synonym dictionary, spellcheck corpus",Industry baseline search hygiene practice,"Typo frequency in the specific 10,914 4+ token queries (evidence suggests specific attributes, not typos, cause failure)",8.0,8
SOL-09,Search Result Diversification,Ranking / Post-Processing,Results clustered on a single attribute variant (e.g. all one brand or color),Apply Maximal Marginal Relevance (MMR) re-ranking to diversify top 20 results across categories and brands,Gives user broader visual options within the query bounds,3,2,3,3,2,Low-Medium: May demote the single best exact match for hyper-specific queries,"Category & brand similarity matrices, re-ranking scoring engine",Diversification aids exploratory browsing,Does not solve zero-result queries (cannot diversify 0 results),6.0,9
SOL-10,Personalized Search Ranking,Ranking / Personalization ML,Generic result ranking failing to match individual shopper style/brand affinity,"Re-rank search results based on user historical category affinity, brand affinity, and price-point preference",Increases CTR on returned items for returning high-intent users,2,3,2,4,3,Medium-High: Cold start on new users (69.8% of user base); filter bubbles; zero impact on zero-result queries,"Real-time user profile store, feature pipeline, ML ranking model",Returning users have higher baseline conversion (17.3% vs 14.1%),Zero-result queries cannot be personalized; irrelevant to initial discovery failure,3.0,10
